[
    {
        "url":"http://222.27.246.241/mp4files/3036000002013E6F/vcdn01.shemalevideolist.com/video13/2/2e/4d9066f55f28b77143ec736f7b9e1c2e.mp4",
        "filename":"/tmp/4d9066f55f28b77143ec736f7b9e1c2e.mp4"
    },
    {
        "url":"http://img5.26ts.com/2017/09-27/ehvbjtjidzc.jpg",
        "filename":"/tmp/ehvbjtjidzc.jpg"
    },
    {
        "url":"http://download.virtualbox.org/virtualbox/5.1.28/virtualbox-5.1_5.1.28-117968~Ubuntu~trusty_amd64.deb",
        "filename":"/tmp/virtualbox-5.1_5.1.28-117968~Ubuntu~trusty_amd64.deb"
    }
]